date,num_rides,holiday,Max_Temp,Min_Temp,Rain_in,Snow&Hail_in,obs_time_ Snow&Hail_in
2018/09/01,208328,FALSE,78,69,0,0,0
2018/09/02,191478,FALSE,81,68,0,0,0
2018/09/03,189547,TRUE,90,75,0,0,0
2018/09/04,267005,FALSE,92,77,0,0,0
2018/09/05,292590,FALSE,89,77,0,0,0
2018/09/06,302302,FALSE,93,73,0.36,0,0
2018/09/07,294396,FALSE,75,69,0.001,0,0
2018/09/08,280407,FALSE,71,61,0.02,0,0
2018/09/09,257122,FALSE,62,55,0.45,0,0
2018/09/10,252838,FALSE,64,54,0.93,0,0
2018/09/11,266087,FALSE,74,62,0.02,0,0
2018/09/12,291892,FALSE,77,71,0.15,0,0
2018/09/13,301388,FALSE,76,69,0.13,0,0
2018/09/14,302156,FALSE,75,68,0.001,0,0
2018/09/15,287441,FALSE,80,67,0,0,0
2018/09/16,257514,FALSE,84,67,0,0,0
2018/09/17,267939,FALSE,79,68,0.01,0,0
2018/09/18,269141,FALSE,79,70,1.19,0,0
2018/09/19,268931,FALSE,81,68,0.001,0,0
2018/09/20,299034,FALSE,72,65,0,0,0
2018/09/21,298240,FALSE,72,67,0,0,0
2018/09/22,285038,FALSE,74,62,0,0,0
2018/09/23,243501,FALSE,66,60,0.001,0,0
2018/09/24,235629,FALSE,69,57,0,0,0
2018/09/25,251897,FALSE,73,59,1.95,0,0
2018/09/26,265071,FALSE,82,69,0.21,0,0
2018/09/27,281504,FALSE,72,61,0.001,0,0
2018/09/28,294983,FALSE,65,56,0.77,0,0
2018/09/29,290238,FALSE,72,58,0,0,0
2018/09/30,254989,FALSE,70,54,0,0,0
2017/03/01,342114,FALSE,70,54,0.12,0,0
2017/03/02,372890,FALSE,64,35,0,0,0
2017/03/03,395438,FALSE,39,24,0,0,0
2017/03/04,404095,FALSE,30,17,0,0,0
2017/03/05,326953,FALSE,37,14,0,0,0
2017/03/06,309437,FALSE,45,26,0,0,0
2017/03/07,332351,FALSE,56,42,0.1,0,0
2017/03/08,342606,FALSE,59,47,0.02,0,0
2017/03/09,362991,FALSE,61,47,0,0,0
2017/03/10,380879,FALSE,47,23,0.31,2.1,0
2017/03/11,401203,FALSE,29,17,0,0,1.2
2017/03/12,335497,FALSE,29,19,0,0,0.001
2017/03/13,336446,FALSE,36,20,0,0.001,0
2017/03/14,100371,FALSE,32,21,1.97,7.6,3.9
2017/03/15,292175,FALSE,26,20,0,0,5.9
2017/03/16,316944,FALSE,39,24,0,0,5.1
2017/03/17,319364,FALSE,47,29,0,0,3.9
2017/03/18,365698,FALSE,39,34,0.08,0.001,3.1
2017/03/19,301011,FALSE,47,34,0,0,3.1
2017/03/20,285014,FALSE,52,33,0,0,0.001
2017/03/21,305218,FALSE,59,42,0,0,0
2017/03/22,347405,FALSE,50,24,0,0,0
2017/03/23,345935,FALSE,42,23,0,0,0
2017/03/24,341160,FALSE,57,36,0.001,0,0
2017/03/25,346831,FALSE,62,42,0.01,0,0
2017/03/26,303860,FALSE,42,37,0.14,0,0
2017/03/27,285980,FALSE,53,37,0.26,0,0
2017/03/28,333163,FALSE,46,41,0.72,0,0
2017/03/29,331685,FALSE,60,42,0,0,0
2017/03/30,352150,FALSE,52,38,0.01,0,0
2017/03/31,378577,FALSE,43,37,1.51,0,0
2019/06/01,245609,FALSE,80,63,0,0,0
2019/06/02,210071,FALSE,81,61,0.86,0,0
2019/06/03,228692,FALSE,70,58,0,0,0
2019/06/04,228798,FALSE,70,54,0,0,0
2019/06/05,254112,FALSE,81,64,0.001,0,0
2019/06/06,262701,FALSE,83,68,0.04,0,0
2019/06/07,251328,FALSE,81,66,0,0,0
2019/06/08,230470,FALSE,81,63,0,0,0
2019/06/09,191204,FALSE,78,60,0,0,0
2019/06/10,222130,FALSE,70,60,0.62,0,0
2019/06/11,240949,FALSE,77,63,0.45,0,0
2019/06/12,253262,FALSE,74,59,0,0,0
2019/06/13,263734,FALSE,65,55,0.6,0,0
2019/06/14,243672,FALSE,73,58,0,0,0
2019/06/15,222174,FALSE,81,60,0,0,0
2019/06/16,188934,FALSE,80,65,0.04,0,0
2019/06/17,216480,FALSE,76,69,0.001,0,0
2019/06/18,243375,FALSE,73,67,0.79,0,0
2019/06/19,247813,FALSE,71,66,0.11,0,0
2019/06/20,256208,FALSE,78,65,0.42,0,0
2019/06/21,249826,FALSE,77,65,0.53,0,0
2019/06/22,221976,FALSE,79,61,0,0,0
2019/06/23,201308,FALSE,83,64,0,0,0
2019/06/24,219624,FALSE,84,67,0,0,0
2019/06/25,242720,FALSE,84,72,0.86,0,0
2019/06/26,250875,FALSE,87,72,0,0,0
2019/06/27,254927,FALSE,89,71,0,0,0
2019/06/28,243193,FALSE,89,73,0,0,0
2019/06/29,217029,FALSE,91,72,0.08,0,0
2019/06/30,167832,FALSE,83,69,0.06,0,0
2018/10/01,256718,FALSE,76,63,0,0,0
2018/10/02,281993,FALSE,77,65,0.69,0,0
2018/10/03,298035,FALSE,74,63,0,0,0
2018/10/04,306662,FALSE,76,61,0.04,0,0
2018/10/05,294132,FALSE,71,60,0,0,0
2018/10/06,285590,FALSE,68,63,0,0,0
2018/10/07,246882,FALSE,79,67,0,0,0
2018/10/08,233296,TRUE,74,64,0,0,0
2018/10/09,281798,FALSE,77,66,0.001,0,0
2018/10/10,296128,FALSE,80,71,0,0,0
2018/10/11,292640,FALSE,77,69,0.84,0,0
2018/10/12,304412,FALSE,68,51,0.43,0,0
2018/10/13,298432,FALSE,55,46,0.1,0,0
2018/10/14,255591,FALSE,58,47,0,0,0
2018/10/15,263613,FALSE,68,52,0.05,0,0
2018/10/16,294881,FALSE,60,47,0.01,0,0
2018/10/17,301344,FALSE,61,46,0,0,0
2018/10/18,314327,FALSE,50,42,0,0,0
2018/10/19,305105,FALSE,60,43,0,0,0
2018/10/20,293220,FALSE,62,51,0.06,0,0
2018/10/21,272139,FALSE,51,39,0.001,0,0
2018/10/22,269501,FALSE,50,39,0,0,0
2018/10/23,283626,FALSE,63,49,0.001,0,0
2018/10/24,295682,FALSE,54,44,0,0,0
2018/10/25,311667,FALSE,51,40,0,0,0
2018/10/26,311667,FALSE,50,38,0.001,0,0
2018/10/27,303107,FALSE,51,44,1.27,0,0
2018/10/28,262877,FALSE,52,45,0.07,0,0
2018/10/29,264216,FALSE,56,47,0.03,0,0
2018/10/30,281279,FALSE,55,42,0,0,0
2018/10/31,273591,FALSE,64,44,0,0,0
2019/07/01,193570,FALSE,85,65,0,0,0
2019/07/02,199033,FALSE,85,71,0.02,0,0
2019/07/03,180584,FALSE,87,75,0.001,0,0
2019/07/04,123988,TRUE,90,74,0,0,0
2019/07/05,142591,FALSE,86,72,0,0,0
2019/07/06,153204,FALSE,90,76,0.001,0,0
2019/07/07,153038,FALSE,86,72,0,0,0
2019/07/08,190059,FALSE,78,68,0.04,0,0
2019/07/09,216885,FALSE,87,69,0,0,0
2019/07/10,234399,FALSE,88,74,0,0,0
2019/07/11,239812,FALSE,87,73,0.79,0,0
2019/07/12,218212,FALSE,87,72,0,0,0
2019/07/13,212459,FALSE,85,70,0,0,0
2019/07/14,177636,FALSE,89,76,0,0,0
2019/07/15,200576,FALSE,85,68,0,0,0
2019/07/16,230367,FALSE,91,72,0,0,0
2019/07/17,248650,FALSE,93,73,1.82,0,0
2019/07/18,237392,FALSE,79,71,0.51,0,0
2019/07/19,240829,FALSE,91,71,0,0,0
2019/07/20,199029,FALSE,95,82,0,0,0
2019/07/21,179183,FALSE,95,80,0.001,0,0
2019/07/22,214325,FALSE,90,72,1.66,0,0
2019/07/23,223183,FALSE,74,67,0.53,0,0
2019/07/24,231126,FALSE,83,67,0.02,0,0
2019/07/25,237004,FALSE,84,70,0,0,0
2019/07/26,217086,FALSE,88,69,0,0,0
2019/07/27,194629,FALSE,85,72,0,0,0
2019/07/28,176180,FALSE,88,71,0.01,0,0
2019/07/29,198030,FALSE,90,73,0,0,0
2019/07/30,222568,FALSE,92,78,0.01,0,0
2019/07/31,224507,FALSE,87,70,0.36,0,0
2017/02/01,329727,FALSE,47,33,0,0,0.001
2017/02/02,353202,FALSE,45,32,0,0,0
2017/02/03,374750,FALSE,33,26,0,0,0
2017/02/04,366033,FALSE,34,22,0,0,0
2017/02/05,306876,FALSE,43,31,0,0,0
2017/02/06,290260,FALSE,49,36,0,0,0
2017/02/07,,FALSE,42,36,0.27,0,0
2017/02/08,331937,FALSE,62,38,0.03,0,0
2017/02/09,203196,FALSE,44,19,1.16,9.4,2
2017/02/10,352440,FALSE,32,19,0.001,0.001,7.9
2017/02/11,370910,FALSE,48,30,0,0,5.1
2017/02/12,326187,FALSE,40,30,0.46,0.001,2
2017/02/13,320163,FALSE,39,31,0.02,0,2
2017/02/14,343985,FALSE,41,28,0,0,2
2017/02/15,347254,FALSE,47,35,0.001,0,0.001
2017/02/16,368343,FALSE,35,28,0,0,0.001
2017/02/17,355340,FALSE,41,26,0,0,0.001
2017/02/18,326391,FALSE,63,35,0,0,0
2017/02/19,299316,FALSE,65,53,0,0,0
2017/02/20,262119,TRUE,55,39,0,0,0
2017/02/21,295500,FALSE,47,34,0,0,0
2017/02/22,314914,FALSE,57,42,0,0,0
2017/02/23,335093,FALSE,65,44,0,0,0
2017/02/24,350695,FALSE,70,58,0,0,0
2017/02/25,368410,FALSE,63,44,0.54,0,0
2017/02/26,320351,FALSE,44,36,0,0,0
2017/02/27,305744,FALSE,54,35,0,0,0
2017/02/28,324398,FALSE,59,47,0,0,0
2017/12/01,353754,FALSE,52,42,0,0,0
2017/12/02,349819,FALSE,48,39,0,0,0
2017/12/03,300504,FALSE,48,42,0,0,0
2017/12/04,300092,FALSE,51,40,0,0,0
2017/12/05,330567,FALSE,61,50,0.75,0,0
2017/12/06,346348,FALSE,59,40,0,0,0
2017/12/07,354196,FALSE,44,37,0,0,0
2017/12/08,362237,FALSE,39,34,0,0,0
2017/12/09,359572,FALSE,35,30,0.46,4.6,0
2017/12/10,302889,FALSE,39,29,0,0,3.9
2017/12/11,310541,FALSE,41,33,0,0,2
2017/12/12,329481,FALSE,50,29,0.001,0.001,0.001
2017/12/13,357298,FALSE,31,20,0,0.001,0
2017/12/14,351742,FALSE,32,22,0.09,1.2,1.2
2017/12/15,362595,FALSE,28,20,0.11,1.2,1.2
2017/12/16,364503,FALSE,39,23,0,0,2
2017/12/17,313238,FALSE,38,32,0,0,1.2
2017/12/18,302388,FALSE,47,34,0.02,0,0.001
2017/12/19,324617,FALSE,55,45,0,0,0
2017/12/20,344511,FALSE,51,34,0,0,0
2017/12/21,343586,FALSE,39,32,0,0,0
2017/12/22,312431,FALSE,50,35,0,0,0
2017/12/23,259518,FALSE,48,38,0.49,0,0
2017/12/24,208989,FALSE,41,36,0.01,0.001,0
2017/12/25,149472,TRUE,38,28,0.23,0.001,0
2017/12/26,220366,FALSE,28,23,0,0,0
2017/12/27,253306,FALSE,24,17,0,0,0
2017/12/28,275451,FALSE,18,11,0,0,0
2017/12/29,275186,FALSE,22,11,0,0,0
2017/12/30,244422,FALSE,23,17,0.05,0.7,0
2017/12/31,244571,FALSE,21,9,0,0,0.001
2018/11/01,313440,FALSE,70,57,0,0,0
2018/11/02,306962,FALSE,72,64,0.22,0,0
2018/11/03,298315,FALSE,65,48,0.37,0,0
2018/11/04,254699,FALSE,55,43,0,0,0
2018/11/05,271652,FALSE,53,48,0.3,0,0
2018/11/06,277681,FALSE,59,49,0.68,0,0
2018/11/07,290993,FALSE,62,51,0,0,0
2018/11/08,301001,FALSE,56,45,0,0,0
2018/11/09,298089,FALSE,52,40,0.77,0,0
2018/11/10,311628,FALSE,50,34,0.03,0,0
2018/11/11,258024,FALSE,46,33,0,0,0
2018/11/12,260729,TRUE,49,37,0.04,0,0
2018/11/13,287048,FALSE,50,43,1.06,0,0
2018/11/14,300254,FALSE,43,32,0,0,0
2018/11/15,232174,FALSE,40,28,1.16,6.4,0
2018/11/16,301051,FALSE,45,34,0.31,0.001,3.9
2018/11/17,305524,FALSE,47,37,0,0,2
2018/11/18,256546,FALSE,44,39,0,0,0
2018/11/19,256661,FALSE,50,41,0,0,0
2018/11/20,279438,FALSE,47,39,0.001,0,0
2018/11/21,260891,FALSE,44,27,0.001,0.001,0
2018/11/22,174782,TRUE,28,17,0,0,0
2018/11/23,196108,FALSE,32,15,0,0,0
2018/11/24,227598,FALSE,49,31,0.97,0,0
2018/11/25,206731,FALSE,55,45,0.81,0,0
2018/11/26,256032,FALSE,53,45,0.85,0,0
2018/11/27,280867,FALSE,45,37,0.03,0,0
2018/11/28,284004,FALSE,42,36,0,0,0
2018/11/29,299315,FALSE,46,38,0,0,0
2018/11/30,306788,FALSE,43,38,0.02,0,0
2018/01/01,237157,TRUE,19,7,0,0,0.001
2018/01/02,238181,FALSE,26,13,0,0,0
2018/01/03,267006,FALSE,30,16,0,0,0.001
2018/01/04,122223,FALSE,29,19,0.76,9.8,1.2
2018/01/05,265260,FALSE,19,9,0,0,7.1
2018/01/06,281285,FALSE,13,6,0,0,5.9
2018/01/07,237413,FALSE,18,5,0,0,5.9
2018/01/08,259823,FALSE,31,17,0.01,0.001,5.1
2018/01/09,284690,FALSE,44,30,0,0,5.1
2018/01/10,290385,FALSE,43,30,0,0,3.9
2018/01/11,305009,FALSE,53,41,0,0,3.1
2018/01/12,317675,FALSE,61,44,0.54,0,0.001
2018/01/13,321904,FALSE,58,19,0.05,0,0
2018/01/14,290989,FALSE,25,15,0,0,0
2018/01/15,246915,TRUE,30,16,0,0,0
2018/01/16,295745,FALSE,36,25,0,0,0
2018/01/17,305032,FALSE,36,22,0.19,0.4,0
2018/01/18,330736,FALSE,32,18,0,0,0.001
2018/01/19,325622,FALSE,41,24,0,0,0.001
2018/01/20,294541,FALSE,52,38,0,0,0.001
2018/01/21,252209,FALSE,50,42,0,0,0
2018/01/22,261677,FALSE,49,38,0.01,0,0
2018/01/23,287555,FALSE,60,38,0.3,0,0
2018/01/24,315605,FALSE,44,27,0,0,0
2018/01/25,331922,FALSE,34,23,0,0,0
2018/01/26,335390,FALSE,38,26,0,0,0
2018/01/27,310001,FALSE,56,35,0,0,0
2018/01/28,259825,FALSE,55,46,0.21,0,0
2018/01/29,266638,FALSE,47,35,0.001,0.1,0
2018/01/30,302870,FALSE,36,24,0.11,0.9,0
2018/01/31,319062,FALSE,33,18,0,0,0
2018/08/01,287111,FALSE,84,74,0.1,0,0
2018/08/02,286363,FALSE,86,76,0.51,0,0
2018/08/03,268582,FALSE,85,73,0.24,0,0
2018/08/04,244360,FALSE,84,72,0.74,0,0
2018/08/05,227469,FALSE,91,73,0,0,0
2018/08/06,253062,FALSE,92,77,0,0,0
2018/08/07,282550,FALSE,90,74,0.05,0,0
2018/08/08,290233,FALSE,90,76,0,0,0
2018/08/09,287146,FALSE,86,73,0.61,0,0
2018/08/10,273354,FALSE,86,72,0.001,0,0
2018/08/11,232130,FALSE,80,70,2.9,0,0
2018/08/12,211388,FALSE,84,72,0.001,0,0
2018/08/13,240695,FALSE,75,71,0.66,0,0
2018/08/14,261935,FALSE,82,71,0.79,0,0
2018/08/15,276668,FALSE,86,70,0,0,0
2018/08/16,277919,FALSE,88,76,0,0,0
2018/08/17,273188,FALSE,87,72,1.04,0,0
2018/08/18,233267,FALSE,85,71,0.07,0,0
2018/08/19,204985,FALSE,72,67,0.02,0,0
2018/08/20,224402,FALSE,74,67,0.001,0,0
2018/08/21,240044,FALSE,79,66,0.11,0,0
2018/08/22,260065,FALSE,82,71,0.72,0,0
2018/08/23,263016,FALSE,77,65,0.001,0,0
2018/08/24,251641,FALSE,82,65,0,0,0
2018/08/25,230205,FALSE,80,68,0,0,0
2018/08/26,211968,FALSE,83,69,0,0,0
2018/08/27,227141,FALSE,88,74,0,0,0
2018/08/28,260565,FALSE,94,79,0,0,0
2018/08/29,269461,FALSE,92,81,0,0,0
2018/08/30,261562,FALSE,90,78,0,0,0
2018/08/31,242126,FALSE,78,69,0.03,0,0
2019/05/01,270871,FALSE,56,50,0,0,0
2019/05/02,279100,FALSE,78,50,0.01,0,0
2019/05/03,277103,FALSE,56,50,0.06,0,0
2019/05/04,266758,FALSE,71,53,0.11,0,0
2019/05/05,237876,FALSE,58,51,1.31,0,0
2019/05/06,228953,FALSE,74,51,0,0,0
2019/05/07,252003,FALSE,70,52,0.11,0,0
2019/05/08,258313,FALSE,71,55,0,0,0
2019/05/09,272005,FALSE,61,53,0,0,0
2019/05/10,266695,FALSE,73,56,0.04,0,0
2019/05/11,253326,FALSE,69,56,0.04,0,0
2019/05/12,226194,FALSE,59,43,1.32,0,0
2019/05/13,243099,FALSE,48,42,0.7,0,0
2019/05/14,261385,FALSE,52,44,0.3,0,0
2019/05/15,258298,FALSE,69,44,0.01,0,0
2019/05/16,263598,FALSE,73,52,0.12,0,0
2019/05/17,272190,FALSE,76,60,0.03,0,0
2019/05/18,256873,FALSE,75,56,0,0,0
2019/05/19,222900,FALSE,76,60,0.06,0,0
2019/05/20,239062,FALSE,85,66,0.001,0,0
2019/05/21,255250,FALSE,71,56,0,0,0
2019/05/22,262087,FALSE,74,54,0,0,0
2019/05/23,258871,FALSE,72,55,0.48,0,0
2019/05/24,228356,FALSE,73,61,0,0,0
2019/05/25,185731,FALSE,71,55,0,0,0
2019/05/26,165205,FALSE,86,59,0.2,0,0
2019/05/27,146698,TRUE,80,64,0,0,0
2019/05/28,225473,FALSE,71,62,0.17,0,0
2019/05/29,246101,FALSE,70,56,0.8,0,0
2019/05/30,258303,FALSE,70,57,0.95,0,0
2019/05/31,259391,FALSE,80,63,0.001,0,0
2017/10/01,,FALSE,68,50,0,0,0
2017/10/02,274707,FALSE,73,52,0,0,0
2017/10/03,302366,FALSE,71,57,0,0,0
2017/10/04,314734,FALSE,75,56,0,0,0
2017/10/05,335387,FALSE,83,65,0.001,0,0
2017/10/06,331472,FALSE,82,68,0,0,0
2017/10/07,324101,FALSE,81,66,0,0,0
2017/10/08,281170,FALSE,77,72,0.22,0,0
2017/10/09,258583,TRUE,77,71,0.26,0,0
2017/10/10,312575,FALSE,81,66,0,0,0
2017/10/11,322308,FALSE,77,60,0.06,0,0
2017/10/12,344446,FALSE,64,55,0.07,0,0
2017/10/13,336925,FALSE,67,52,0,0,0
2017/10/14,336656,FALSE,72,61,0.08,0,0
2017/10/15,293954,FALSE,74,65,0,0,0
2017/10/16,307797,FALSE,69,46,0.01,0,0
2017/10/17,319689,FALSE,58,42,0,0,0
2017/10/18,327167,FALSE,72,50,0,0,0
2017/10/19,330802,FALSE,71,56,0,0,0
2017/10/20,338354,FALSE,73,57,0,0,0
2017/10/21,334884,FALSE,78,56,0,0,0
2017/10/22,287876,FALSE,76,57,0,0,0
2017/10/23,290759,FALSE,74,61,0,0,0
2017/10/24,312489,FALSE,74,67,0.2,0,0
2017/10/25,330118,FALSE,67,57,0,0,0
2017/10/26,345959,FALSE,58,50,0,0,0
2017/10/27,349815,FALSE,62,47,0,0,0
2017/10/28,350625,FALSE,69,55,0,0,0
2017/10/29,307496,FALSE,67,60,3.03,0,0
2017/10/30,297796,FALSE,61,46,0.25,0,0
2017/10/31,294143,FALSE,57,45,0,0,0
2018/03/01,332819,FALSE,60,44,0.38,0,0
2018/03/02,326980,FALSE,44,34,1.86,0.001,0
2018/03/03,316861,FALSE,49,36,0,0,0
2018/03/04,286355,FALSE,44,34,0,0,0
2018/03/05,290661,FALSE,43,33,0,0,0
2018/03/06,315757,FALSE,47,32,0.001,0,0
2018/03/07,233281,FALSE,39,33,1.41,3.2,0
2018/03/08,326673,FALSE,39,33,0.001,0.001,3.1
2018/03/09,348471,FALSE,42,30,0,0,2
2018/03/10,342113,FALSE,40,31,0,0,0.001
2018/03/11,278500,FALSE,45,32,0,0,0
2018/03/12,293877,FALSE,43,32,0.08,0.001,0
2018/03/13,306599,FALSE,40,33,0.28,0.001,0.001
2018/03/14,336151,FALSE,41,31,0.01,0.001,0
2018/03/15,348239,FALSE,48,32,0,0,0
2018/03/16,349875,FALSE,40,30,0,0,0
2018/03/17,325142,FALSE,48,27,0,0,0
2018/03/18,278813,FALSE,43,28,0,0,0
2018/03/19,271647,FALSE,47,33,0,0,0
2018/03/20,313040,FALSE,39,30,0.001,0,0
2018/03/21,183665,FALSE,39,31,0.99,8.2,0
2018/03/22,300719,FALSE,50,32,0.06,0.2,7.9
2018/03/23,325884,FALSE,49,35,0.001,0,1.2
2018/03/24,310659,FALSE,51,35,0,0,0
2018/03/25,275777,FALSE,45,33,0,0,0
2018/03/26,280115,FALSE,50,34,0,0,0
2018/03/27,298705,FALSE,47,34,0.01,0,0
2018/03/28,314085,FALSE,52,38,0.03,0,0
2018/03/29,325632,FALSE,53,49,0.03,0,0
2018/03/30,307588,FALSE,62,44,0.03,0,0
2018/03/31,285271,FALSE,58,39,0,0,0
2017/09/01,260043,FALSE,71,55,0,0,0
2017/09/02,243715,FALSE,68,54,0.53,0,0
2017/09/03,204537,FALSE,69,59,0.74,0,0
2017/09/04,203364,TRUE,80,61,0,0,0
2017/09/05,276679,FALSE,85,69,0.001,0,0
2017/09/06,318657,FALSE,72,61,0.42,0,0
2017/09/07,327987,FALSE,71,59,0.01,0,0
2017/09/08,336097,FALSE,71,58,0,0,0
2017/09/09,320676,FALSE,70,55,0,0,0
2017/09/10,289574,FALSE,72,57,0,0,0
2017/09/11,292749,FALSE,76,55,0,0,0
2017/09/12,320614,FALSE,78,59,0,0,0
2017/09/13,325703,FALSE,83,64,0.06,0,0
2017/09/14,339032,FALSE,81,70,0.02,0,0
2017/09/15,334136,FALSE,81,67,0,0,0
2017/09/16,331845,FALSE,82,70,0,0,0
2017/09/17,287996,FALSE,81,68,0,0,0
2017/09/18,263989,FALSE,73,68,0,0,0
2017/09/19,279244,FALSE,78,69,0.22,0,0
2017/09/20,287126,FALSE,79,71,0,0,0
2017/09/21,285782,FALSE,80,71,0,0,0
2017/09/22,307683,FALSE,82,66,0,0,0
2017/09/23,325031,FALSE,87,68,0,0,0
2017/09/24,281595,FALSE,91,69,0,0,0
2017/09/25,289124,FALSE,88,70,0,0,0
2017/09/26,299938,FALSE,84,68,0,0,0
2017/09/27,329555,FALSE,87,69,0,0,0
2017/09/28,330666,FALSE,79,59,0,0,0
2017/09/29,329112,FALSE,68,55,0,0,0
2017/09/30,322921,FALSE,66,54,0,0,0
2017/08/01,288945,FALSE,92,71,0,0,0
2017/08/02,306301,FALSE,86,69,0.09,0,0
2017/08/03,314611,FALSE,87,68,0,0,0
2017/08/04,297206,FALSE,84,69,0.15,0,0
2017/08/05,263708,FALSE,78,69,0.3,0,0
2017/08/06,239352,FALSE,76,64,0,0,0
2017/08/07,269842,FALSE,71,64,0.76,0,0
2017/08/08,279735,FALSE,78,65,0,0,0
2017/08/09,293058,FALSE,85,64,0,0,0
2017/08/10,306138,FALSE,83,68,0,0,0
2017/08/11,287102,FALSE,82,69,0.001,0,0
2017/08/12,254633,FALSE,77,64,0.11,0,0
2017/08/13,227861,FALSE,83,71,0,0,0
2017/08/14,241900,FALSE,80,70,0,0,0
2017/08/15,274507,FALSE,74,68,0.45,0,0
2017/08/16,285120,FALSE,87,70,0,0,0
2017/08/17,291076,FALSE,83,69,0,0,0
2017/08/18,287746,FALSE,82,73,0.88,0,0
2017/08/19,263458,FALSE,86,73,0,0,0
2017/08/20,240126,FALSE,81,69,0,0,0
2017/08/21,249906,FALSE,87,71,0,0,0
2017/08/22,284356,FALSE,89,72,0.3,0,0
2017/08/23,285496,FALSE,81,70,0.001,0,0
2017/08/24,282979,FALSE,80,65,0,0,0
2017/08/25,271449,FALSE,78,63,0,0,0
2017/08/26,249491,FALSE,78,62,0,0,0
2017/08/27,235503,FALSE,78,63,0,0,0
2017/08/28,231141,FALSE,76,63,0,0,0
2017/08/29,278267,FALSE,68,61,0.29,0,0
2017/08/30,267900,FALSE,78,60,0.01,0,0
2017/08/31,273151,FALSE,81,64,0,0,0
2017/01/01,281263,FALSE,48,40,0.001,0,0
2017/01/02,224893,TRUE,41,37,0.21,0.001,0
2017/01/03,278099,FALSE,43,39,0.58,0,0
2017/01/04,289301,FALSE,52,34,0,0,0
2017/01/05,324421,FALSE,34,27,0,0,0
2017/01/06,340685,FALSE,33,25,0.05,1.2,1.2
2017/01/07,305981,FALSE,26,20,0.32,5.1,0.001
2017/01/08,290932,FALSE,25,16,0,0,3.9
2017/01/09,301996,FALSE,23,14,0,0,3.1
2017/01/10,305921,FALSE,46,21,0,0,3.1
2017/01/11,318251,FALSE,52,42,0.52,0,0
2017/01/12,326816,FALSE,66,47,0.05,0,0
2017/01/13,344915,FALSE,62,32,0,0,0
2017/01/14,342214,FALSE,34,28,0.12,0.6,0
2017/01/15,307477,FALSE,38,30,0,0,1.2
2017/01/16,260236,TRUE,43,30,0,0,0.001
2017/01/17,324254,FALSE,42,38,0.35,0,0
2017/01/18,324382,FALSE,41,38,0.06,0,0
2017/01/19,332456,FALSE,49,39,0,0,0
2017/01/20,341557,FALSE,45,40,0.1,0,0
2017/01/21,329093,FALSE,49,41,0,0,0
2017/01/22,292084,FALSE,48,43,0.05,0,0
2017/01/23,293838,FALSE,44,36,1.16,0,0
2017/01/24,320990,FALSE,38,35,1.18,0.001,0
2017/01/25,325264,FALSE,51,36,0,0,0
2017/01/26,342833,FALSE,56,43,0.02,0,0
2017/01/27,363952,FALSE,43,36,0,0,0
2017/01/28,368410,FALSE,39,34,0,0,0
2017/01/29,305756,FALSE,43,35,0,0,0
2017/01/30,289127,FALSE,37,30,0,0,0
2017/01/31,313423,FALSE,34,26,0.06,1,0
2017/11/01,330540,FALSE,59,43,0,0,0
2017/11/02,333336,FALSE,72,58,0,0,0
2017/11/03,347466,FALSE,74,51,0,0,0
2017/11/04,355150,FALSE,56,46,0,0,0
2017/11/05,295337,FALSE,61,51,0.02,0,0
2017/11/06,298503,FALSE,66,46,0.01,0,0
2017/11/07,323375,FALSE,49,40,0.7,0,0
2017/11/08,329592,FALSE,49,39,0,0,0
2017/11/09,340247,FALSE,55,39,0.001,0,0
2017/11/10,363219,TRUE,51,25,0.01,0,0
2017/11/11,329258,FALSE,38,24,0,0,0
2017/11/12,298008,FALSE,46,32,0,0,0
2017/11/13,301614,FALSE,47,39,0.07,0,0
2017/11/14,320738,FALSE,48,35,0,0,0
2017/11/15,332306,FALSE,51,37,0,0,0
2017/11/16,345572,FALSE,57,43,0.2,0,0
2017/11/17,353557,FALSE,47,37,0,0,0
2017/11/18,345346,FALSE,56,34,0.1,0,0
2017/11/19,297908,FALSE,59,38,0.23,0,0
2017/11/20,295538,FALSE,47,36,0.001,0.001,0
2017/11/21,303274,FALSE,58,42,0,0,0
2017/11/22,295794,FALSE,56,35,0.21,0,0
2017/11/23,192449,TRUE,43,31,0,0,0
2017/11/24,216356,FALSE,50,35,0,0,0
2017/11/25,258237,FALSE,57,43,0,0,0
2017/11/26,251377,FALSE,51,40,0,0,0
2017/11/27,277655,FALSE,51,39,0,0,0
2017/11/28,302342,FALSE,54,36,0,0,0
2017/11/29,311303,FALSE,63,42,0,0,0
2017/11/30,339086,FALSE,53,38,0.03,0,0
2019/04/01,234376,FALSE,46,33,0,0,0
2019/04/02,258809,FALSE,52,39,0.001,0,0
2019/04/03,265134,FALSE,67,41,0,0,0
2019/04/04,278632,FALSE,60,44,0,0,0
2019/04/05,293969,FALSE,45,38,0.2,0,0
2019/04/06,261612,FALSE,68,39,0,0,0
2019/04/07,224139,FALSE,66,51,0,0,0
2019/04/08,230319,FALSE,79,49,0.26,0,0
2019/04/09,261942,FALSE,51,46,0.03,0,0
2019/04/10,262869,FALSE,60,45,0,0,0
2019/04/11,275971,FALSE,55,40,0,0,0
2019/04/12,281308,FALSE,68,46,0.63,0,0
2019/04/13,263597,FALSE,77,59,0.24,0,0
2019/04/14,225143,FALSE,73,60,0.01,0,0
2019/04/15,248457,FALSE,65,46,0.96,0,0
2019/04/16,255826,FALSE,66,44,0.001,0,0
2019/04/17,267212,FALSE,63,48,0.01,0,0
2019/04/18,269101,FALSE,62,51,0.001,0,0
2019/04/19,243751,FALSE,80,58,0.01,0,0
2019/04/20,212393,FALSE,64,55,0.7,0,0
2019/04/21,186535,FALSE,66,53,0,0,0
2019/04/22,213415,FALSE,64,52,0.24,0,0
2019/04/23,236598,FALSE,77,56,0.08,0,0
2019/04/24,243910,FALSE,69,55,0.001,0,0
2019/04/25,268203,FALSE,66,48,0.02,0,0
2019/04/26,253058,FALSE,59,51,1.03,0,0
2019/04/27,252071,FALSE,58,47,0.07,0,0
2019/04/28,222079,FALSE,53,45,0.01,0,0
2019/04/29,230003,FALSE,60,41,0.01,0,0
2019/04/30,255204,FALSE,60,48,0.04,0,0
2018/12/01,309603,FALSE,46,36,0.05,0,0
2018/12/02,262798,FALSE,56,42,0.59,0,0
2018/12/03,268243,FALSE,55,46,0,0,0
2018/12/04,291811,FALSE,46,31,0,0,0
2018/12/05,299943,FALSE,37,28,0,0,0
2018/12/06,307988,FALSE,40,30,0,0,0
2018/12/07,320196,FALSE,39,28,0,0,0
2018/12/08,308241,FALSE,36,24,0,0,0
2018/12/09,262580,FALSE,36,28,0,0,0
2018/12/10,276126,FALSE,39,29,0,0,0
2018/12/11,287654,FALSE,41,29,0,0,0
2018/12/12,302852,FALSE,41,33,0,0,0
2018/12/13,309284,FALSE,40,33,0.03,0.001,0
2018/12/14,320737,FALSE,51,40,0.1,0,0
2018/12/15,306058,FALSE,52,46,0.14,0,0
2018/12/16,278751,FALSE,46,35,1.43,0.001,0
2018/12/17,275338,FALSE,46,37,0.03,0,0
2018/12/18,303627,FALSE,40,28,0,0,0
2018/12/19,306070,FALSE,42,26,0,0,0
2018/12/20,307058,FALSE,47,37,0.22,0,0
2018/12/21,291305,FALSE,61,47,1.61,0,0
2018/12/22,251198,FALSE,54,40,0.02,0,0
2018/12/23,197749,FALSE,43,36,0,0,0
2018/12/24,186528,FALSE,43,36,0.12,0.001,0
2018/12/25,125787,TRUE,40,33,0,0,0
2018/12/26,185003,FALSE,43,32,0,0,0
2018/12/27,213354,FALSE,44,37,0,0,0
2018/12/28,217948,FALSE,60,43,1.15,0,0
2018/12/29,216067,FALSE,57,39,0,0,0
2018/12/30,194676,FALSE,40,33,0.001,0.001,0
2018/12/31,210183,FALSE,48,36,1.02,0,0
2018/02/01,321065,FALSE,45,32,0.05,0,0
2018/02/02,349399,FALSE,41,17,0.18,0.001,0
2018/02/03,316625,FALSE,31,16,0,0,0
2018/02/04,265846,FALSE,46,30,0.96,0.001,0
2018/02/05,286214,FALSE,40,26,0.001,0,0
2018/02/06,303058,FALSE,37,26,0,0,0
2018/02/07,315764,FALSE,45,30,0.85,0.5,0
2018/02/08,338986,FALSE,33,25,0,0,0
2018/02/09,337424,FALSE,39,26,0,0,0
2018/02/10,322042,FALSE,50,39,0.58,0,0
2018/02/11,261633,FALSE,62,45,1.21,0,0
2018/02/12,287911,FALSE,62,32,0,0,0
2018/02/13,317908,FALSE,38,26,0,0,0
2018/02/14,321613,FALSE,53,35,0.08,0,0
2018/02/15,322879,FALSE,62,46,0.16,0,0
2018/02/16,322062,FALSE,58,36,0.09,0,0
2018/02/17,305451,FALSE,40,28,0.52,4.4,0
2018/02/18,253428,FALSE,44,33,0.01,0.001,3.1
2018/02/19,241859,TRUE,49,36,0.04,0,0
2018/02/20,268412,FALSE,67,47,0,0,0
2018/02/21,297512,FALSE,78,55,0.06,0,0
2018/02/22,328871,FALSE,59,37,0.17,0,0
2018/02/23,328776,FALSE,42,36,0.06,0,0
2018/02/24,312938,FALSE,55,42,0.08,0,0
2018/02/25,269557,FALSE,44,40,0.73,0,0
2018/02/26,278607,FALSE,52,43,0,0,0
2018/02/27,301640,FALSE,56,39,0,0,0
2018/02/28,314633,FALSE,61,42,0,0,0
2018/07/01,235579,FALSE,96,79,0,0,0
2018/07/02,242091,FALSE,95,79,0,0,0
2018/07/03,246437,FALSE,92,77,0.01,0,0
2018/07/04,176671,TRUE,86,77,0,0,0
2018/07/05,217015,FALSE,90,76,0,0,0
2018/07/06,218552,FALSE,80,69,0.23,0,0
2018/07/07,,FALSE,78,62,0,0,0
2018/07/08,199606,FALSE,84,62,0,0,0
2018/07/09,242801,FALSE,87,67,0,0,0
2018/07/10,276365,FALSE,93,72,0,0,0
2018/07/11,287492,FALSE,88,74,0,0,0
2018/07/12,287902,FALSE,84,64,0.71,0,0
2018/07/13,277265,FALSE,84,68,0,0,0
2018/07/14,259475,FALSE,88,70,0.36,0,0
2018/07/15,227966,FALSE,83,69,0.64,0,0
2018/07/16,267695,FALSE,90,75,0,0,0
2018/07/17,278153,FALSE,88,70,2.24,0,0
2018/07/18,290555,FALSE,85,66,0,0,0
2018/07/19,277272,FALSE,83,66,0,0,0
2018/07/20,271335,FALSE,82,69,0,0,0
2018/07/21,259481,FALSE,79,65,0.63,0,0
2018/07/22,217417,FALSE,79,70,1.06,0,0
2018/07/23,252078,FALSE,80,73,0.17,0,0
2018/07/24,279717,FALSE,82,75,0.02,0,0
2018/07/25,286553,FALSE,77,72,0.73,0,0
2018/07/26,290147,FALSE,85,72,0.03,0,0
2018/07/27,281075,FALSE,86,68,0.25,0,0
2018/07/28,251963,FALSE,85,70,0,0,0
2018/07/29,230373,FALSE,82,70,0,0,0
2018/07/30,245411,FALSE,78,68,0.37,0,0
2018/07/31,268119,FALSE,82,68,0,0,0
2017/04/01,355839,FALSE,48,37,0,0,0
2017/04/02,312919,FALSE,63,40,0,0,0
2017/04/03,304117,FALSE,63,48,0.03,0,0
2017/04/04,336222,FALSE,51,45,1.18,0,0
2017/04/05,350517,FALSE,65,45,0,0,0
2017/04/06,363514,FALSE,53,40,0.73,0,0
2017/04/07,383195,FALSE,51,40,0.001,0,0
2017/04/08,364527,FALSE,57,40,0,0,0
2017/04/09,316977,FALSE,67,45,0,0,0
2017/04/10,286715,FALSE,74,53,0,0,0
2017/04/11,312053,FALSE,80,61,0,0,0
2017/04/12,325556,FALSE,76,58,0.02,0,0
2017/04/13,341315,FALSE,65,48,0,0,0
2017/04/14,333233,FALSE,66,48,0,0,0
2017/04/15,312855,FALSE,65,51,0,0,0
2017/04/16,281858,FALSE,87,59,0.001,0,0
2017/04/17,282431,FALSE,74,58,0.001,0,0
2017/04/18,326856,FALSE,65,47,0,0,0
2017/04/19,351845,FALSE,54,45,0.001,0,0
2017/04/20,361371,FALSE,66,50,0.17,0,0
2017/04/21,380134,FALSE,53,48,0.29,0,0
2017/04/22,352974,FALSE,57,49,0.11,0,0
2017/04/23,321247,FALSE,66,46,0,0,0
2017/04/24,310502,FALSE,60,48,0.001,0,0
2017/04/25,344526,FALSE,54,49,0.91,0,0
2017/04/26,344703,FALSE,60,53,0.34,0,0
2017/04/27,350200,FALSE,70,57,0,0,0
2017/04/28,359350,FALSE,85,58,0.001,0,0
2017/04/29,363831,FALSE,85,64,0.06,0,0
2017/04/30,315753,FALSE,67,52,0,0,0
2019/01/01,189432,TRUE,58,39,0.06,0,0
2019/01/02,198737,FALSE,40,35,0,0,0
2019/01/03,223965,FALSE,44,37,0,0,0
2019/01/04,236089,FALSE,47,35,0,0,0
2019/01/05,236506,FALSE,47,41,0.5,0,0
2019/01/06,208823,FALSE,49,31,0.001,0,0
2019/01/07,228816,FALSE,34,25,0,0,0
2019/01/08,237310,FALSE,45,34,0.17,0.001,0
2019/01/09,255868,FALSE,45,34,0.06,0,0
2019/01/10,281863,FALSE,34,28,0,0,0
2019/01/11,291714,FALSE,30,21,0,0,0
2019/01/12,265115,FALSE,34,20,0,0,0
2019/01/13,227502,FALSE,33,25,0.001,0.001,0
2019/01/14,245082,FALSE,32,22,0,0,0
2019/01/15,267370,FALSE,36,25,0,0,0
2019/01/16,272699,FALSE,39,30,0,0,0
2019/01/17,284580,FALSE,33,24,0,0,0
2019/01/18,266848,FALSE,39,29,0.05,0.5,1.2
2019/01/19,236365,FALSE,37,32,0.29,0.2,0
2019/01/20,203114,FALSE,42,14,0.88,0,0
2019/01/21,192826,TRUE,14,4,0,0,0
2019/01/22,255178,FALSE,31,13,0,0,0
2019/01/23,261151,FALSE,52,31,0.001,0,0
2019/01/24,281959,FALSE,59,35,1.33,0,0
2019/01/25,292499,FALSE,40,28,0,0,0
2019/01/26,271993,FALSE,35,24,0,0,0
2019/01/27,220451,FALSE,49,32,0,0,0
2019/01/28,241040,FALSE,38,25,0,0,0
2019/01/29,259786,FALSE,43,25,0.23,0.001,0
2019/01/30,276774,FALSE,35,6,0.01,0.4,0
2019/01/31,284625,FALSE,16,2,0,0,0
2019/11/01,276056,FALSE,71,42,0.11,0,0
2019/11/02,249616,FALSE,53,40,0,0,0
2019/11/03,211208,FALSE,54,42,0,0,0
2019/11/04,218546,FALSE,56,41,0,0,0
2019/11/05,229324,FALSE,61,51,0,0,0
2019/11/06,244732,FALSE,54,45,0,0,0
2019/11/07,258222,FALSE,57,41,0.1,0,0
2019/11/08,269399,FALSE,41,29,0,0,0
2019/11/09,244849,FALSE,41,27,0,0,0
2019/11/10,204009,FALSE,51,38,0,0,0
2019/11/11,187087,TRUE,62,46,0,0,0
2019/11/12,241991,FALSE,57,25,0.04,0,0
2019/11/13,252007,FALSE,34,23,0,0,0
2019/11/14,260966,FALSE,45,28,0,0,0
2019/11/15,257847,FALSE,51,37,0,0,0
2019/11/16,257993,FALSE,42,31,0,0,0
2019/11/17,209353,FALSE,43,30,0,0,0
2019/11/18,228515,FALSE,42,37,0.48,0,0
2019/11/19,235069,FALSE,48,40,0.18,0,0
2019/11/20,249603,FALSE,49,40,0,0,0
2019/11/21,261117,FALSE,53,39,0,0,0
2019/11/22,247479,FALSE,53,38,0.07,0,0
2019/11/23,240269,FALSE,45,34,0.03,0,0
2019/11/24,205067,FALSE,46,40,0.9,0,0
2019/11/25,211096,FALSE,53,39,0,0,0
2019/11/26,224681,FALSE,61,44,0,0,0
2019/11/27,208600,FALSE,59,49,0.04,0,0
2019/11/28,138463,TRUE,53,37,0.001,0,0
2019/11/29,164426,FALSE,40,30,0,0,0
2019/11/30,189873,FALSE,43,31,0,0,0
2019/08/01,233418,FALSE,87,70,0,0,0
2019/08/02,214845,FALSE,84,73,0,0,0
2019/08/03,191979,FALSE,86,68,0.21,0,0
2019/08/04,171462,FALSE,87,69,0,0,0
2019/08/05,188658,FALSE,82,70,0,0,0
2019/08/06,215975,FALSE,79,71,0.04,0,0
2019/08/07,219463,FALSE,84,69,1.18,0,0
2019/08/08,227620,FALSE,84,67,0.2,0,0
2019/08/09,209434,FALSE,83,68,0.08,0,0
2019/08/10,184045,FALSE,81,66,0,0,0
2019/08/11,159208,FALSE,80,63,0,0,0
2019/08/12,187310,FALSE,85,68,0,0,0
2019/08/13,206341,FALSE,79,71,0.07,0,0
2019/08/14,213104,FALSE,84,73,0.001,0,0
2019/08/15,216393,FALSE,85,70,0,0,0
2019/08/16,201078,FALSE,79,68,0,0,0
2019/08/17,186367,FALSE,87,73,0.001,0,0
2019/08/18,170012,FALSE,90,70,0.64,0,0
2019/08/19,184378,FALSE,90,72,0,0,0
2019/08/20,201468,FALSE,88,75,0,0,0
2019/08/21,212750,FALSE,87,74,0.1,0,0
2019/08/22,222657,FALSE,90,71,1.01,0,0
2019/08/23,196726,FALSE,74,65,0.09,0,0
2019/08/24,180635,FALSE,76,64,0,0,0
2019/08/25,163399,FALSE,77,63,0,0,0
2019/08/26,171446,FALSE,74,61,0,0,0
2019/08/27,189623,FALSE,75,62,0,0,0
2019/08/28,203276,FALSE,74,67,0.08,0,0
2019/08/29,197960,FALSE,81,65,0,0,0
2019/08/30,189234,FALSE,86,67,0,0,0
2019/08/31,162587,FALSE,81,69,0,0,0
2019/09/01,148542,FALSE,78,63,0,0,0
2019/09/02,135743,TRUE,74,69,0.3,0,0
2019/09/03,198630,FALSE,82,67,0,0,0
2019/09/04,225077,FALSE,87,68,0,0,0
2019/09/05,240782,FALSE,74,65,0,0,0
2019/09/06,239038,FALSE,67,58,0.32,0,0
2019/09/07,214843,FALSE,75,56,0.02,0,0
2019/09/08,193053,FALSE,77,63,0,0,0
2019/09/09,213045,FALSE,78,64,0.001,0,0
2019/09/10,235608,FALSE,76,66,0.01,0,0
2019/09/11,242990,FALSE,88,69,0,0,0
2019/09/12,260129,FALSE,81,61,0.17,0,0
2019/09/13,245308,FALSE,72,57,0,0,0
2019/09/14,229822,FALSE,74,61,0,0,0
2019/09/15,203386,FALSE,82,68,0,0,0
2019/09/16,218791,FALSE,77,68,0.001,0,0
2019/09/17,234315,FALSE,76,62,0,0,0
2019/09/18,242009,FALSE,69,57,0,0,0
2019/09/19,250932,FALSE,70,52,0,0,0
2019/09/20,243898,FALSE,78,56,0,0,0
2019/09/21,233782,FALSE,84,61,0,0,0
2019/09/22,205024,FALSE,86,67,0,0,0
2019/09/23,195977,FALSE,89,70,0.11,0,0
2019/09/24,211282,FALSE,76,63,0,0,0
2019/09/25,217364,FALSE,79,58,0,0,0
2019/09/26,238111,FALSE,83,63,0.02,0,0
2019/09/27,237265,FALSE,76,59,0,0,0
2019/09/28,232595,FALSE,82,65,0,0,0
2019/09/29,198869,FALSE,80,65,0,0,0
2019/09/30,181186,FALSE,71,60,0,0,0
2018/06/01,320542,FALSE,81,65,0.27,0,0
2018/06/02,308415,FALSE,87,66,0.08,0,0
2018/06/03,265265,FALSE,66,51,0.25,0,0
2018/06/04,279373,FALSE,71,51,0.16,0,0
2018/06/05,298154,FALSE,75,58,0.001,0,0
2018/06/06,315373,FALSE,71,58,0,0,0
2018/06/07,319349,FALSE,71,60,0,0,0
2018/06/08,315689,FALSE,82,60,0,0,0
2018/06/09,293953,FALSE,83,67,0,0,0
2018/06/10,249752,FALSE,73,58,0.01,0,0
2018/06/11,278533,FALSE,73,58,0,0,0
2018/06/12,295417,FALSE,75,57,0,0,0
2018/06/13,312685,FALSE,78,63,0.04,0,0
2018/06/14,316212,FALSE,84,67,0.001,0,0
2018/06/15,281910,FALSE,76,63,0,0,0
2018/06/16,275874,FALSE,85,64,0,0,0
2018/06/17,247852,FALSE,91,66,0,0,0
2018/06/18,281510,FALSE,91,73,0.08,0,0
2018/06/19,298562,FALSE,88,75,0.07,0,0
2018/06/20,307908,FALSE,83,69,0.09,0,0
2018/06/21,309109,FALSE,83,65,0.59,0,0
2018/06/22,311399,FALSE,75,62,0.1,0,0
2018/06/23,273701,FALSE,66,62,0.001,0,0
2018/06/24,243802,FALSE,84,66,0.001,0,0
2018/06/25,267896,FALSE,81,67,0,0,0
2018/06/26,287228,FALSE,78,61,0,0,0
2018/06/27,297957,FALSE,73,66,0.01,0,0
2018/06/28,302836,FALSE,83,70,1.36,0,0
2018/06/29,285455,FALSE,89,70,0,0,0
2018/06/30,272432,FALSE,93,72,0,0,0
2019/10/01,210422,FALSE,81,63,0,0,0
2019/10/02,243293,FALSE,93,63,0.03,0,0
2019/10/03,256959,FALSE,63,53,0.34,0,0
2019/10/04,253322,FALSE,66,50,0.001,0,0
2019/10/05,235052,FALSE,61,45,0,0,0
2019/10/06,195663,FALSE,70,57,0.01,0,0
2019/10/07,220891,FALSE,79,59,0.2,0,0
2019/10/08,225484,FALSE,64,57,0.02,0,0
2019/10/09,227995,FALSE,59,51,0.54,0,0
2019/10/10,248348,FALSE,71,53,0.001,0,0
2019/10/11,249081,FALSE,64,55,0,0,0
2019/10/12,228030,FALSE,67,55,0,0,0
2019/10/13,197596,FALSE,67,53,0.001,0,0
2019/10/14,182743,TRUE,72,58,0,0,0
2019/10/15,236905,FALSE,64,51,0,0,0
2019/10/16,239859,FALSE,66,52,1.83,0,0
2019/10/17,256754,FALSE,57,51,0,0,0
2019/10/18,260460,FALSE,58,47,0,0,0
2019/10/19,240152,FALSE,60,43,0,0,0
2019/10/20,213849,FALSE,59,49,0.54,0,0
2019/10/21,212037,FALSE,67,51,0.001,0,0
2019/10/22,239432,FALSE,63,55,0.57,0,0
2019/10/23,244167,FALSE,65,54,0.01,0,0
2019/10/24,254480,FALSE,67,50,0,0,0
2019/10/25,252677,FALSE,65,52,0,0,0
2019/10/26,244082,FALSE,63,52,0.01,0,0
2019/10/27,207475,FALSE,67,55,1.38,0,0
2019/10/28,215646,FALSE,63,55,0,0,0
2019/10/29,237968,FALSE,59,54,0.07,0,0
2019/10/30,241416,FALSE,63,58,0.06,0,0
2019/10/31,241350,FALSE,71,60,0.54,0,0
2017/05/01,303360,FALSE,74,49,0,0,0
2017/05/02,332566,FALSE,75,62,0.001,0,0
2017/05/03,346022,FALSE,65,51,0,0,0
2017/05/04,355577,FALSE,64,47,0,0,0
2017/05/05,362782,FALSE,59,51,3.02,0,0
2017/05/06,370499,FALSE,67,52,0.18,0,0
2017/05/07,318027,FALSE,56,47,0.01,0,0
2017/05/08,306979,FALSE,57,44,0,0,0
2017/05/09,330479,FALSE,63,47,0,0,0
2017/05/10,340369,FALSE,63,49,0,0,0
2017/05/11,348246,FALSE,62,51,0,0,0
2017/05/12,354092,FALSE,65,48,0,0,0
2017/05/13,371150,FALSE,53,45,1.61,0,0
2017/05/14,297073,FALSE,67,46,0.02,0,0
2017/05/15,312444,FALSE,68,53,0,0,0
2017/05/16,337218,FALSE,79,56,0,0,0
2017/05/17,352076,FALSE,90,65,0,0,0
2017/05/18,349188,FALSE,92,75,0,0,0
2017/05/19,364286,FALSE,91,66,0,0,0
2017/05/20,367665,FALSE,65,55,0.01,0,0
2017/05/21,319407,FALSE,69,52,0,0,0
2017/05/22,307309,FALSE,61,53,0.59,0,0
2017/05/23,323637,FALSE,69,56,0,0,0
2017/05/24,336578,FALSE,69,56,0.04,0,0
2017/05/25,342445,FALSE,59,56,0.58,0,0
2017/05/26,306057,FALSE,73,56,0.1,0,0
2017/05/27,267405,FALSE,71,59,0,0,0
2017/05/28,241410,FALSE,71,58,0,0,0
2017/05/29,213354,TRUE,61,56,0.13,0,0
2017/05/30,296638,FALSE,60,55,0.06,0,0
2017/05/31,327789,FALSE,75,58,0.03,0,0
2018/04/01,244406,FALSE,60,43,0,0,0
2018/04/02,258963,FALSE,43,33,0.59,5.5,5.1
2018/04/03,305586,FALSE,43,39,0.26,0,0.001
2018/04/04,310960,FALSE,56,40,0.04,0,0
2018/04/05,332229,FALSE,45,34,0,0,0
2018/04/06,326468,FALSE,62,37,0.11,0,0
2018/04/07,321251,FALSE,49,37,0,0,0
2018/04/08,279695,FALSE,46,32,0,0,0
2018/04/09,285057,FALSE,49,32,0.001,0,0
2018/04/10,308128,FALSE,51,38,0.01,0,0
2018/04/11,320857,FALSE,51,37,0,0,0
2018/04/12,327117,FALSE,63,46,0,0,0
2018/04/13,333111,FALSE,82,60,0,0,0
2018/04/14,347362,FALSE,77,44,0,0,0
2018/04/15,300259,FALSE,44,38,0.47,0,0
2018/04/16,281221,FALSE,60,39,2.82,0,0
2018/04/17,321880,FALSE,47,39,0.001,0,0
2018/04/18,321000,FALSE,55,37,0,0,0
2018/04/19,348993,FALSE,49,38,0.15,0,0
2018/04/20,347032,FALSE,50,37,0,0,0
2018/04/21,319196,FALSE,63,39,0,0,0
2018/04/22,277642,FALSE,67,44,0,0,0
2018/04/23,285489,FALSE,68,46,0,0,0
2018/04/24,309598,FALSE,66,46,0.05,0,0
2018/04/25,325657,FALSE,60,52,0.95,0,0
2018/04/26,331192,FALSE,70,55,0.1,0,0
2018/04/27,332734,FALSE,59,51,0.05,0,0
2018/04/28,324849,FALSE,68,50,0.1,0,0
2018/04/29,281431,FALSE,59,47,0.08,0,0
2018/04/30,296365,FALSE,51,44,0.001,0,0
2019/02/01,299198,FALSE,21,11,0,0,0
2019/02/02,267300,FALSE,34,16,0,0,0
2019/02/03,221420,FALSE,53,33,0,0,0
2019/02/04,233784,FALSE,61,41,0,0,0
2019/02/05,253675,FALSE,65,44,0,0,0
2019/02/06,278326,FALSE,46,35,0.45,0,0
2019/02/07,276277,FALSE,44,39,0.07,0,0
2019/02/08,289576,FALSE,55,32,0.37,0,0
2019/02/09,277153,FALSE,32,23,0,0,0
2019/02/10,221805,FALSE,35,23,0,0,0
2019/02/11,236660,FALSE,38,30,0.001,0.001,0
2019/02/12,238094,FALSE,36,26,0.75,1.2,0
2019/02/13,268810,FALSE,41,33,0.08,0.001,1.2
2019/02/14,272187,FALSE,46,33,0.001,0.001,0
2019/02/15,257431,FALSE,59,42,0,0,0
2019/02/16,240557,FALSE,47,32,0,0,0
2019/02/17,212622,FALSE,38,26,0.04,0,0
2019/02/18,193460,TRUE,42,26,0.09,0,0
2019/02/19,235883,FALSE,36,23,0,0,0
2019/02/20,241835,FALSE,33,26,0.57,1.3,0
2019/02/21,253497,FALSE,52,33,0.1,0,1.2
2019/02/22,264527,FALSE,44,36,0,0,0
2019/02/23,253543,FALSE,42,32,0.01,0,0
2019/02/24,208959,FALSE,47,36,0.58,0,0
2019/02/25,235334,FALSE,43,28,0.001,0,0
2019/02/26,263782,FALSE,36,25,0,0,0
2019/02/27,271820,FALSE,31,23,0.001,0.001,0
2019/02/28,281229,FALSE,37,27,0.03,0.1,0.001
2019/12/01,182577,FALSE,39,30,0.62,0.001,0
2019/12/02,208520,FALSE,37,31,0.48,1.3,0
2019/12/03,249188,FALSE,36,30,0.02,0.3,1.2
2019/12/04,250790,FALSE,39,32,0.001,0,0
2019/12/05,272240,FALSE,42,36,0,0,0
2019/12/06,274919,FALSE,50,34,0,0,0
2019/12/07,267692,FALSE,38,30,0,0,0
2019/12/08,222438,FALSE,46,28,0,0,0
2019/12/09,225452,FALSE,55,42,1.57,0,0
2019/12/10,246744,FALSE,58,39,0.13,0,0
2019/12/11,267848,FALSE,40,31,0.26,0.2,0.001
2019/12/12,278481,FALSE,36,26,0,0,0
2019/12/13,278114,FALSE,48,33,0.81,0,0
2019/12/14,263922,FALSE,56,45,1.16,0,0
2019/12/15,233940,FALSE,49,37,0,0,0
2019/12/16,236418,FALSE,37,33,0.1,0,0
2019/12/17,256629,FALSE,35,32,0.9,0,0
2019/12/18,267234,FALSE,36,21,0.03,0.7,0
2019/12/19,286929,FALSE,25,16,0,0,0.001
2019/12/20,274892,FALSE,33,22,0,0,0.001
2019/12/21,227258,FALSE,35,23,0,0,0
2019/12/22,179054,FALSE,46,30,0,0,0
2019/12/23,180867,FALSE,57,41,0,0,0
2019/12/24,164418,FALSE,47,36,0,0,0
2019/12/25,101911,TRUE,47,32,0,0,0
2019/12/26,146941,FALSE,46,36,0,0,0
2019/12/27,169613,FALSE,54,46,0,0,0
2019/12/28,172026,FALSE,51,43,0,0,0
2019/12/29,165125,FALSE,44,39,0.25,0,0
2019/12/30,174562,FALSE,41,37,0.74,0.001,0
2019/12/31,169191,FALSE,45,36,0.02,0,0
2017/07/01,245530,FALSE,85,71,0.23,0,0
2017/07/02,204086,FALSE,87,72,0,0,0
2017/07/03,193217,FALSE,88,71,0.45,0,0
2017/07/04,184967,TRUE,85,70,0,0,0
2017/07/05,250623,FALSE,85,70,0,0,0
2017/07/06,276497,FALSE,77,71,0.001,0,0
2017/07/07,290404,FALSE,80,68,1.78,0,0
2017/07/08,264365,FALSE,84,69,0,0,0
2017/07/09,243683,FALSE,81,67,0,0,0
2017/07/10,270799,FALSE,84,68,0,0,0
2017/07/11,302257,FALSE,85,75,0,0,0
2017/07/12,320737,FALSE,88,77,0,0,0
2017/07/13,322637,FALSE,90,73,0.001,0,0
2017/07/14,307834,FALSE,73,65,0.35,0,0
2017/07/15,277479,FALSE,84,68,0,0,0
2017/07/16,260505,FALSE,87,68,0,0,0
2017/07/17,281214,FALSE,85,73,0,0,0
2017/07/18,307823,FALSE,88,73,0,0,0
2017/07/19,324255,FALSE,92,77,0,0,0
2017/07/20,324259,FALSE,94,77,0.01,0,0
2017/07/21,311814,FALSE,92,76,0,0,0
2017/07/22,291153,FALSE,92,71,0.57,0,0
2017/07/23,244083,FALSE,79,71,0.06,0,0
2017/07/24,274617,FALSE,73,63,0.74,0,0
2017/07/25,291904,FALSE,71,62,0,0,0
2017/07/26,305520,FALSE,77,65,0,0,0
2017/07/27,315836,FALSE,78,65,0.001,0,0
2017/07/28,305718,FALSE,85,71,0,0,0
2017/07/29,274531,FALSE,77,67,0,0,0
2017/07/30,254956,FALSE,82,64,0,0,0
2017/07/31,265183,FALSE,88,66,0,0,0
2018/05/01,305407,FALSE,80,48,0,0,0
2018/05/02,321954,FALSE,90,65,0,0,0
2018/05/03,334845,FALSE,92,70,0.02,0,0
2018/05/04,333138,FALSE,84,72,0.001,0,0
2018/05/05,333785,FALSE,76,61,0.001,0,0
2018/05/06,280044,FALSE,66,56,0.001,0,0
2018/05/07,284391,FALSE,77,54,0,0,0
2018/05/08,309759,FALSE,74,53,0,0,0
2018/05/09,316873,FALSE,77,54,0,0,0
2018/05/10,328322,FALSE,66,54,0.25,0,0
2018/05/11,324696,FALSE,73,60,0.001,0,0
2018/05/12,321315,FALSE,63,51,0.22,0,0
2018/05/13,281218,FALSE,54,52,0.1,0,0
2018/05/14,294066,FALSE,71,52,0.03,0,0
2018/05/15,309046,FALSE,88,61,0.58,0,0
2018/05/16,320034,FALSE,64,56,0.34,0,0
2018/05/17,327532,FALSE,71,56,0.22,0,0
2018/05/18,331961,FALSE,67,56,0,0,0
2018/05/19,317812,FALSE,56,49,0.65,0,0
2018/05/20,267289,FALSE,81,56,0.001,0,0
2018/05/21,278744,FALSE,79,58,0,0,0
2018/05/22,297556,FALSE,68,55,0.29,0,0
2018/05/23,300122,FALSE,81,59,0.29,0,0
2018/05/24,305107,FALSE,83,63,0,0,0
2018/05/25,279821,FALSE,86,65,0,0,0
2018/05/26,236372,FALSE,89,72,0,0,0
2018/05/27,203509,FALSE,80,56,0.44,0,0
2018/05/28,187579,TRUE,69,56,0,0,0
2018/05/29,275476,FALSE,89,63,0,0,0
2018/05/30,301181,FALSE,78,61,0,0,0
2018/05/31,315516,FALSE,68,63,0.1,0,0
2017/06/01,344507,FALSE,79,59,0.001,0,0
2017/06/02,347404,FALSE,76,57,0.01,0,0
2017/06/03,341807,FALSE,73,55,0.01,0,0
2017/06/04,294236,FALSE,70,56,0.09,0,0
2017/06/05,304042,FALSE,67,58,0.02,0,0
2017/06/06,341499,FALSE,58,52,0.06,0,0
2017/06/07,339808,FALSE,67,51,0,0,0
2017/06/08,353452,FALSE,69,55,0,0,0
2017/06/09,342240,FALSE,80,53,0,0,0
2017/06/10,337959,FALSE,85,66,0,0,0
2017/06/11,283088,FALSE,90,72,0,0,0
2017/06/12,311495,FALSE,93,76,0,0,0
2017/06/13,333931,FALSE,94,77,0.001,0,0
2017/06/14,349305,FALSE,84,69,0.29,0,0
2017/06/15,347838,FALSE,76,64,0,0,0
2017/06/16,341823,FALSE,68,63,0,0,0
2017/06/17,318478,FALSE,74,66,1.39,0,0
2017/06/18,277743,FALSE,85,70,0.001,0,0
2017/06/19,306068,FALSE,88,70,1.35,0,0
2017/06/20,318727,FALSE,83,71,0.03,0,0
2017/06/21,331000,FALSE,83,71,0,0,0
2017/06/22,338890,FALSE,83,68,0,0,0
2017/06/23,341160,FALSE,83,76,0.04,0,0
2017/06/24,317617,FALSE,84,71,1.29,0,0
2017/06/25,248929,FALSE,83,68,0,0,0
2017/06/26,290740,FALSE,79,64,0,0,0
2017/06/27,321083,FALSE,77,60,0.18,0,0
2017/06/28,316000,FALSE,78,61,0,0,0
2017/06/29,313277,FALSE,82,68,0,0,0
2017/06/30,302847,FALSE,88,73,0.001,0,0
2019/03/01,282409,FALSE,35,26,0.11,1.4,1.2
2019/03/02,252181,FALSE,41,31,0.53,4,3.9
2019/03/03,222455,FALSE,42,33,0.52,3,1.2
2019/03/04,208760,FALSE,38,28,0.29,2,3.9
2019/03/05,269066,FALSE,32,20,0,0,2
2019/03/06,286294,FALSE,26,19,0.001,0.001,1.2
2019/03/07,292402,FALSE,32,18,0,0,1.2
2019/03/08,285949,FALSE,39,24,0,0,0
2019/03/09,271784,FALSE,49,34,0,0,0
2019/03/10,229004,FALSE,43,35,0.54,0,0
2019/03/11,236522,FALSE,53,39,0,0,0
2019/03/12,268108,FALSE,44,34,0,0,0
2019/03/13,271747,FALSE,49,32,0,0,0
2019/03/14,280567,FALSE,57,42,0,0,0
2019/03/15,285663,FALSE,75,49,0.39,0,0
2019/03/16,270547,FALSE,58,37,0,0,0
2019/03/17,225801,FALSE,45,34,0,0,0
2019/03/18,223149,FALSE,46,32,0,0,0
2019/03/19,239390,FALSE,51,35,0,0,0
2019/03/20,251355,FALSE,53,37,0,0,0
2019/03/21,275227,FALSE,46,41,0.75,0,0
2019/03/22,272647,FALSE,49,38,0.68,0,0
2019/03/23,255369,FALSE,48,35,0,0,0
2019/03/24,209991,FALSE,60,38,0,0,0
2019/03/25,213061,FALSE,56,42,0.001,0,0
2019/03/26,241293,FALSE,49,33,0,0,0
2019/03/27,252027,FALSE,47,34,0,0,0
2019/03/28,261555,FALSE,53,37,0.001,0,0
2019/03/29,257890,FALSE,59,49,0.001,0,0
2019/03/30,250539,FALSE,70,52,0,0,0
2019/03/31,223358,FALSE,65,39,0.06,0,0